Appointment ID,Patient ID,Physician ID,Appointment Date,Surgery
1,1,10,2017-03-07,Tendon Repair
2,2,10,2017-03-22,Hip Replacement
3,1,11,2016-06-13,Sentinel Node Biopsy
4,3,12,2017-06-13,Tendon Repair
5,3,12,2017-06-14,Knee Replacement
6,2,11,2017-08-15,Bone Marrow Biopsy
7,4,13,2016-01-04,Hepatic Resection
8,4,13,2018-01-05,Liver Transplant
9,5,10,2016-01-04,Knee Arthroscopy
10,1,14,2016-02-12,Skin Graft
11,6,14,2018-04-15,Skin Graft
12,6,11,2017-06-13,Sentinel Node Biopsy
