,Physician ID,Physician Name,Physician Phone,Department ID
0,10,Helen Pearson,312-237-9473,1
1,12,Robert Smith,312-237-2190,1
2,11,Olga Kay,312-237-2756,2
3,13,Ashish Patel,312-237-4629,3
4,14,Wei Jing,312-237-4837,4
